line_name;from_bus;to_bus;length;std_type
MV Line1;Bus MV0;Bus MV1;1,5;NA2XS2Y 1x185 RM/25 12/20 kV
MV Line2;Bus MV1;Bus MV2;1,5;NA2XS2Y 1x185 RM/25 12/20 kV
MV Line3;Bus MV2;Bus MV3;1,5;NA2XS2Y 1x185 RM/25 12/20 kV
MV Line4;Bus MV3;Bus MV4;1,5;NA2XS2Y 1x185 RM/25 12/20 kV
MV Line5;Bus MV4;Bus MV5;1,5;NA2XS2Y 1x185 RM/25 12/20 kV
MV Line6;Bus MV5;Bus MV6;1,5;NA2XS2Y 1x185 RM/25 12/20 kV
MV Line7;Bus MV6;Bus MV7;1,5;NA2XS2Y 1x185 RM/25 12/20 kV
MV Line8;Bus MV0;Bus MV7;1,5;NA2XS2Y 1x185 RM/25 12/20 kV
